Workbook
Name VALOR_HORA: Resumen!$C$5

Sheet Resumen
B2: ATLAS — Presupuesto de modificaciones
B3: Fecha: 7 de septiembre de 2026 · Comisión Nacional de Energía Atómica
B5: Valor hora (USD) | C5: 15 | D5: ◄ editá esta celda: recalcula todo el presupuesto
B7: Módulo | C7: Horas | D7: Importe
B8: M1 — Nueva jerarquía de agregación y entidad «Cuenta» | C8: =SUMIF(Detalle!$A:$A,"M1",Detalle!$E:$E) | D8: =C8*VALOR_HORA
B9: M2 — Indicadores y panel de control por Cuenta | C9: =SUMIF(Detalle!$A:$A,"M2",Detalle!$E:$E) | D9: =C9*VALOR_HORA
B10: M3 — Gestión de roles y permisos | C10: =SUMIF(Detalle!$A:$A,"M3",Detalle!$E:$E) | D10: =C10*VALOR_HORA
B11: M4 — Exportación del panel de indicadores a PDF | C11: =SUMIF(Detalle!$A:$A,"M4",Detalle!$E:$E) | D11: =C11*VALOR_HORA
B12: M5 — Observaciones del informe de seguridad IN-TIC_SI-103 | C12: =SUMIF(Detalle!$A:$A,"M5",Detalle!$E:$E) | D12: =C12*VALOR_HORA
B13: M6 — Pruebas, documentación y puesta en producción | C13: =SUMIF(Detalle!$A:$A,"M6",Detalle!$E:$E) | D13: =C13*VALOR_HORA
B14: Total | C14: =SUM(C8:C13) | D14: =SUM(D8:D13)
B16: Los importes se expresan en dólares estadounidenses y no incluyen impuestos.
B17: El detalle de las tareas de cada módulo está en la hoja «Detalle».

Sheet Detalle
A1: Detalle de tareas y esfuerzo
A2: Los importes se calculan con el valor hora de la hoja «Resumen».
A4: Módulo | B4: Descripción del módulo | C4: Ítem | D4: Tarea | E4: Horas | F4: Importe
A5: M1 | B5: Nueva jerarquía de agregación y entidad «Cuenta» | C5: 1.1 | D5: Análisis funcional, diseño del modelo de datos y reglas de migración de la información existente | E5: 5 | F5: =E5*VALOR_HORA
A6: M1 | B6: Nueva jerarquía de agregación y entidad «Cuenta» | C6: 1.2 | D6: Base de datos: alta de la entidad Cuenta, relación con contratos y migración de los datos actuales | E6: 5 | F6: =E6*VALOR_HORA
A7: M1 | B7: Nueva jerarquía de agregación y entidad «Cuenta» | C7: 1.3 | D7: Backend: modelo, servicio y alta/baja/modificación de Cuentas, con validaciones e historial de cambios | E7: 6 | F7: =E7*VALOR_HORA
A8: M1 | B8: Nueva jerarquía de agregación y entidad «Cuenta» | C8: 1.4 | D8: Backend: adaptación del alcance por usuario, del importador, de la exportación consolidada y del respaldo de base | E8: 6 | F8: =E8*VALOR_HORA
A9: M1 | B9: Nueva jerarquía de agregación y entidad «Cuenta» | C9: 1.5 | D9: Frontend: gestión de Cuentas y selección de cuenta en alta, edición, listado y detalle de contratos | E9: 7 | F9: =E9*VALOR_HORA
A10: M1 | B10: Nueva jerarquía de agregación y entidad «Cuenta» | C10: 1.6 | D10: Renombrado de «Subsector» a «Gerencia» en interfaz, servicios, catálogos y documentación | E10: 4 | F10: =E10*VALOR_HORA
D11: Subtotal M1 | E11: =SUM(E5:E10) | F11: =SUM(F5:F10)
A12: M2 | B12: Indicadores y panel de control por Cuenta | C12: 2.1 | D12: Agrupación de saldos por Cuenta: cálculo jerárquico, totales por rama y consistencia con los niveles superiores | E12: 6 | F12: =E12*VALOR_HORA
A13: M2 | B13: Indicadores y panel de control por Cuenta | C13: 2.2 | D13: Filtro «por cuenta» en indicadores, distribuciones, gráficos y rankings del panel | E13: 5 | F13: =E13*VALOR_HORA
A14: M2 | B14: Indicadores y panel de control por Cuenta | C14: 2.3 | D14: Preferencia de agrupación por usuario y ajustes de presentación | E14: 2 | F14: =E14*VALOR_HORA
D15: Subtotal M2 | E15: =SUM(E12:E14) | F15: =SUM(F12:F14)
A16: M3 | B16: Gestión de roles y permisos | C16: 3.1 | D16: Análisis y diseño del modelo de permisos: catálogo de permisos, matriz por rol y reglas de herencia del alcance | E16: 5 | F16: =E16*VALOR_HORA
A17: M3 | B17: Gestión de roles y permisos | C17: 3.2 | D17: Base de datos: roles, permisos, asignaciones y alcances; migración de los cuatro roles actuales a roles equivalentes | E17: 3 | F17: =E17*VALOR_HORA
A18: M3 | B18: Gestión de roles y permisos | C18: 3.3 | D18: Backend: motor de autorización y resolución jerárquica del alcance ver/ejecutar, con caché por usuario | E18: 8 | F18: =E18*VALOR_HORA
A19: M3 | B19: Gestión de roles y permisos | C19: 3.4 | D19: Backend: aplicación de los permisos en la totalidad de los servicios y puntos de acceso de la API | E19: 6 | F19: =E19*VALOR_HORA
A20: M3 | B20: Gestión de roles y permisos | C20: 3.5 | D20: Frontend: administración de roles y permisos, con selección del alcance sobre el árbol de la organización | E20: 8 | F20: =E20*VALOR_HORA
A21: M3 | B21: Gestión de roles y permisos | C21: 3.6 | D21: Frontend: asignación de roles y alcances a los usuarios, y adaptación de la pantalla de usuarios | E21: 4 | F21: =E21*VALOR_HORA
A22: M3 | B22: Gestión de roles y permisos | C22: 3.7 | D22: Pruebas de la matriz de permisos y del aislamiento entre gerencias | E22: 5 | F22: =E22*VALOR_HORA
D23: Subtotal M3 | E23: =SUM(E16:E22) | F23: =SUM(F16:F22)
A24: M4 | B24: Exportación del panel de indicadores a PDF | C24: 4.1 | D24: Diseño de la plantilla del reporte: portada, filtros aplicados, indicadores, gráficos y tablas | E24: 3 | F24: =E24*VALOR_HORA
A25: M4 | B25: Exportación del panel de indicadores a PDF | C25: 4.2 | D25: Implementación de la generación del PDF, incluida la representación de los gráficos | E25: 6 | F25: =E25*VALOR_HORA
A26: M4 | B26: Exportación del panel de indicadores a PDF | C26: 4.3 | D26: Ajustes de paginación y presentación, y pruebas sobre los distintos alcances | E26: 3 | F26: =E26*VALOR_HORA
D27: Subtotal M4 | E27: =SUM(E24:E26) | F27: =SUM(F24:F26)
A28: M5 | B28: Observaciones del informe de seguridad IN-TIC_SI-103 | C28: 5.1 | D28: Hallazgo 6.1 (media) — Conexión cifrada con el servidor de Active Directory: adopción de LDAPS como conexión por defecto | E28: 3 | F28: =E28*VALOR_HORA
A29: M5 | B29: Observaciones del informe de seguridad IN-TIC_SI-103 | C29: 5.2 | D29: Hallazgo 6.2 (media) — Cambio de gerencia por «transferencia»: validación del contrato contraparte contra el alcance del usuario | E29: 3 | F29: =E29*VALOR_HORA
A30: M5 | B30: Observaciones del informe de seguridad IN-TIC_SI-103 | C30: 5.3 | D30: Hallazgo 6.3 (media) — Login sin límite de intentos: limitación de intentos por usuario y por origen, y control del alta automática de usuarios | E30: 3 | F30: =E30*VALOR_HORA
A31: M5 | B31: Observaciones del informe de seguridad IN-TIC_SI-103 | C31: 5.4 | D31: Hallazgo 6.4 (baja) — Token de autenticación sin expiración: vencimiento de sesión, política de contenido y evaluación del uso de cookie segura | E31: 4 | F31: =E31*VALOR_HORA
A32: M5 | B32: Observaciones del informe de seguridad IN-TIC_SI-103 | C32: 5.5 | D32: Hallazgo 6.5 (baja) — Divulgación de información en errores: configuración del entorno y respuesta de error homogénea | E32: 1 | F32: =E32*VALOR_HORA
A33: M5 | B33: Observaciones del informe de seguridad IN-TIC_SI-103 | C33: 5.6 | D33: Verificación de las mitigaciones y elaboración de la evidencia para la nueva revisión de la GTIC | E33: 3 | F33: =E33*VALOR_HORA
D34: Subtotal M5 | E34: =SUM(E28:E33) | F34: =SUM(F28:F33)
A35: M6 | B35: Pruebas, documentación y puesta en producción | C35: 6.1 | D35: Pruebas integrales de regresión y acompañamiento de la validación funcional del usuario | E35: 6 | F35: =E35*VALOR_HORA
A36: M6 | B36: Pruebas, documentación y puesta en producción | C36: 6.2 | D36: Actualización de la documentación funcional y del manual de implementación | E36: 4 | F36: =E36*VALOR_HORA
A37: M6 | B37: Pruebas, documentación y puesta en producción | C37: 6.3 | D37: Despliegue en preproducción y producción, y acompañamiento posterior a la puesta en marcha | E37: 4 | F37: =E37*VALOR_HORA
D38: Subtotal M6 | E38: =SUM(E35:E37) | F38: =SUM(F35:F37)
D39: Total general | E39: =Resumen!C14 | F39: =Resumen!D14
